0, 40.00740457683401, -75.24908207429179, 296.91179730020144, 0, 0, 0, 
1, 40.00740488688152, -75.24905753275223, 315.50457679940183, 4.677342398208543, 0.0012992617772834005, 6.8601021840563545
2, 40.00741166077577, -75.24907078132254, 317.10298351458067, 3.0354861987309194, 0.0021424523880412224, 4.452046424801299
3, 40.00740737226818, -75.2490894996995, 317.40365635570004, 3.4157570340330414, 0.0031766677122349136, 5.46065691174269
4, 40.0074043677723, -75.24910620089614, 317.63269990758846, 3.269228669898081, 0.004084786787205777, 4.7948687158461585
5, 40.00741208305452, -75.24912779717977, 317.8331341216182, 4.541070747138102, 0.0053461953280763246, 6.660237095796493
6, 40.00741255231687, -75.24915282925254, 318.08274648236755, 4.771611642002623, 0.006671643006413702, 6.99836374162135
7, 40.00741542064515, -75.24917537436892, 318.37379412510444, 4.355123572956909, 0.007881399554456187, 6.387514573664324
8, 40.0074198330454, -75.2491776941579, 318.64254899258856, 1.1834242831724449, 0.00821012852200379, 1.7356889486513407
9, 40.00742291346511, -75.24919926556768, 318.69408109129074, 4.181537730619972, 0.00937166678050828, 6.1329220049037145
10, 40.00742658526588, -75.24922567212643, 318.92854417149175, 5.11435267544597, 0.010792320301469047, 7.5010505906728495
11, 40.00743702008119, -75.24924014079119, 319.2326861258742, 3.7870391714940355, 0.0118442756268831, 5.554324118186201
12, 40.00744901976528, -75.24924900824458, 319.41689720555917, 3.430452770766752, 0.012797179174317443, 5.031330730453327
13, 40.00745927981066, -75.24926494354666, 319.52958564356004, 3.96700122784372, 0.013899123959828586, 5.818268467498831
14, 40.00745881899585, -75.249285333312, 319.7102405680181, 3.883336841144103, 0.014978907342605919, 5.70125626106432
15, 40.00747409644372, -75.24932022390021, 319.9450454516077, 7.666236442563632, 0.017106287955413503, 11.232569635624046
16, 40.00749070758488, -75.24935022143963, 320.3394113953347, 7.046769739154527, 0.019065681430106146, 10.345597546377155
17, 40.00750387985583, -75.24938768021514, 320.69771689231055, 7.8545531266608, 0.021247501743065497, 11.520011252425363
18, 40.00751816086401, -75.24942191007457, 321.1401618937751, 7.42779525204396, 0.023310778201971756, 10.894099703025056
19, 40.00752374781042, -75.24946035804923, 321.55550586282413, 7.457425814851608, 0.025382285372761985, 10.937557861772412
20, 40.00753438462428, -75.24950122477013, 321.97560767460027, 8.225008525089452, 0.027667009963062532, 12.063345836786892
21, 40.00754594731994, -75.24953162869853, 322.3917923612558, 6.468688334684469, 0.029463867833806584, 9.487409557528593
22, 40.00755748693445, -75.24956110966988, 322.6780170360371, 6.309024630569904, 0.03121637467563594, 9.253236124859002
23, 40.00757167234205, -75.24959416616754, 322.9166656279964, 7.220567353978535, 0.03322208782951704, 10.59016545249222
24, 40.00758113964964, -75.24962624015697, 323.13791854926507, 6.5502257156285, 0.035041594972745525, 9.606997716246397
25, 40.00759255894463, -75.24965839319273, 323.3471592538065, 6.753764421523547, 0.03691764064538925, 9.90552115155886
26, 40.00760287127216, -75.24969056876736, 323.51651860627356, 6.646577310204845, 0.03876391212045077, 9.74831338832482
27, 40.00761202149551, -75.24972696238467, 323.6643857691814, 7.299319173028805, 0.040791500779623596, 10.705668120432513
28, 40.00761837411316, -75.24976697504823, 323.8441656567369, 7.786978364485733, 0.04295455032531211, 11.420901601235355
29, 40.00763169487192, -75.24980210872715, 324.2199517475127, 7.470480009190005, 0.04502968366120341, 10.95670401350608
30, 40.00765203925962, -75.24984198244648, 324.48938586159517, 9.12986613680822, 0.047565757588092276, 13.390470333973212
31, 40.0076692328373, -75.24988624240927, 324.7239449292534, 9.456988506219524, 0.050192698839817536, 13.870249809109357
32, 40.00768328574603, -75.24992119036767, 325.03510260967033, 7.521692257649417, 0.052282057800273805, 11.031815311209112
33, 40.00769553749379, -75.24994740638617, 325.2883418988302, 5.852241679744815, 0.053907680489095874, 8.58328779698053
34, 40.00770211131891, -75.24996808505313, 325.4621011097591, 4.266489669129648, 0.055092816508297476, 6.25751818138446
35, 40.00771768322078, -75.25000159684363, 325.6293991437365, 7.469320941498027, 0.05716762788093393, 10.955004047520477
36, 40.0077398420073, -75.2500348258125, 325.8501401649077, 8.395722829415536, 0.05949977311132501, 12.313726816464921
37, 40.00775359308832, -75.25006738582645, 326.2962313983114, 7.085361427473493, 0.0614679290634059, 10.391863426987115
38, 40.00776550215283, -75.25009944372101, 326.60968657652245, 6.789587122254826, 0.06335392548625275, 9.958061112631356
39, 40.00777918739304, -75.25013057955817, 326.92564756754905, 6.84078428329178, 0.06525414334272096, 10.033150282152151
40, 40.00779031125658, -75.25016731656217, 328.07973339147475, 7.527842889266214, 0.06734521081195968, 11.040836237580406
41, 40.00780631263559, -75.25020031500478, 328.90296357970226, 7.44245271696004, 0.0694125587888982, 10.91559731823536
42, 40.00781465466847, -75.25023339854023, 329.548344944045, 6.637279726699509, 0.0712562476018686, 9.73467693248376
43, 40.00782584102193, -75.250267790313, 330.20561046020947, 7.120185171557657, 0.07323407681618838, 10.4429382516084
44, 40.00782807477265, -75.25029090858132, 330.83932893251074, 4.440369937552313, 0.074467512909956, 6.512542575093015
45, 40.00783624389115, -75.2503199702471, 331.23775586387785, 5.899193731979724, 0.07610617783550443, 8.652150806895728
46, 40.00784202361336, -75.25033647416919, 331.5688146581804, 3.458145025734134, 0.07706677367598526, 5.071946037738784
47, 40.00784449219617, -75.25034563043866, 331.7658323773324, 1.8497657646797652, 0.07758059749950695, 2.7129897881945215
48, 40.00784786771481, -75.25035682263837, 331.88553478923177, 2.292183229020481, 0.07821731506312535, 3.361868735905114
49, 40.00785101567138, -75.25036977994093, 332.0193801064102, 2.5903940495412234, 0.07893686896577504, 3.799244605990339
50, 40.0078583238944, -75.25038785731927, 332.1828895006769, 3.8952403492359604, 0.08001888017389515, 5.713019178874213
51, 40.00786126850704, -75.25040370945293, 332.3951641990455, 3.1083702660033876, 0.0808823163588953, 4.558943056800823
52, 40.00786407661051, -75.25041948146753, 332.61664075399557, 3.085668503497116, 0.08173944649875775, 4.525647138473756
53, 40.00786140308477, -75.25044009743942, 332.84221390601186, 3.9845216649693107, 0.08284625807235933, 5.843965108616341
54, 40.00786387473156, -75.25045695513997, 333.1638044483251, 3.2707543108986274, 0.08375480093649701, 4.7971063226469575
55, 40.00786586103048, -75.25048309713388, 333.419799131951, 5.006110171548123, 0.08514538709525911, 7.342294918263902
56, 40.00786548009226, -75.25049699080999, 333.8039050622886, 2.6492966756210596, 0.08588130283848902, 3.8856351242539398
57, 40.00786966550874, -75.25051276097959, 334.0376762207522, 3.1804771073781066, 0.0867647687016488, 4.664699757483648
58, 40.00787764881395, -75.25052946173892, 334.2747740105182, 3.7514373073137484, 0.08780683462034612, 5.5021080507218265
59, 40.0078801907909, -75.25054740040163, 334.5267573837637, 3.4764265202609814, 0.08877250865375437, 5.098758896395525
60, 40.00788597374891, -75.25055405081174, 334.810416487598, 1.9173015827353892, 0.08930509242673594, 2.81204232134268
61, 40.00788507123523, -75.25056623675825, 334.93520112722956, 2.3330027785367187, 0.08995314875410666, 3.421737408517409
62, 40.00788992337406, -75.25059210189048, 335.083454283057, 5.074571909360003, 0.09136275206226094, 7.4427054670545685
63, 40.00789456185932, -75.25061011351083, 335.37320814343934, 3.6211267281634947, 0.09236862059786442, 5.310985867986409
64, 40.00789373505651, -75.25063499569109, 335.59364679580443, 4.746045515572108, 0.09368696657441103, 6.960866756166094
65, 40.00789065049754, -75.25065666050159, 335.8801888619994, 4.199196297538046, 0.09485340999039275, 6.158821236383534
66, 40.00789097642984, -75.25068379510112, 336.1391441595307, 5.17144622124959, 0.09628992282962745, 7.584787791159167
67, 40.00790085908371, -75.25071131747717, 336.4534848783707, 5.79241962174824, 0.09789892828011709, 8.495548778585334
68, 40.00791320892157, -75.25072062783029, 336.7774641881088, 3.5479652192871334, 0.09888447417436262, 5.203682321616396
69, 40.00791939742693, -75.25073587418511, 336.9088490107449, 3.288104239654656, 0.09979783646315475, 4.822552884822443
70, 40.0079233212585, -75.25075073507259, 337.08405205801114, 2.99544738992308, 0.10062990518257707, 4.393322838549856
71, 40.00792463929903, -75.2507571752315, 337.2595368789731, 1.2702992152173014, 0.10098276607569387, 1.863105515656702
72, 40.00793897903385, -75.25083252737682, 338.094111876359, 3.698939749430746, 0.10509269913061668, 21.700446529992476
73, 40.00793920588239, -75.25084629038159, 338.2299784768357, 2.6233043763510744, 0.10582139479071354, 3.84751308531141
74, 40.00794296666732, -75.25085965448939, 338.3098417493713, 2.7131199779569113, 0.10657503922903422, 3.9792426343331844
75, 40.00794770042384, -75.25087140148291, 338.37353917882825, 2.529422877124244, 0.10727765669490383, 3.709820219791504
76, 40.00794923507831, -75.25089033238025, 338.423612738302, 3.627645698708976, 0.1082853360556554, 5.3205470247683255
77, 40.00795227783713, -75.2509110078234, 338.50341219263805, 4.012005370038345, 0.10939978199177616, 5.884274542717555
78, 40.00795681236278, -75.25093178762577, 338.5864770970868, 4.117393734516673, 0.11054350247358531, 6.0388441439522955
79, 40.00796312893361, -75.25095077803739, 338.6598211742931, 3.94532413547743, 0.11163942584455401, 5.786475398714703
80, 40.00797239679578, -75.25096798595311, 338.71052148243484, 4.008660872822486, 0.11275294275367036, 5.879369280134299
81, 40.00797818718617, -75.2509854102017, 338.72870265820757, 3.6194280672796264, 0.1137583394390249, 5.3084944986719576
82, 40.00797757730022, -75.25100242376149, 338.7522600453466, 3.245674273753508, 0.11465991562617783, 4.760322268167482
83, 40.00797520935114, -75.25101623318672, 338.8089526940945, 2.696678369909182, 0.11540899295115448, 3.9551282758766924
84, 40.00798614740177, -75.2510312381864, 338.8724056132969, 3.9473165255304936, 0.11650546976380084, 5.789397570772793
85, 40.00799091463104, -75.25104345383251, 338.84203068823695, 2.6125591535496153, 0.11723118063978619, 3.8317534252026175
86, 40.00800018217961, -75.2510575608411, 338.83311345546605, 3.541578060056542, 0.11821495232313768, 5.19431448809592
87, 40.00800961002179, -75.2510683978348, 338.78759427830107, 3.1251018920618505, 0.11908303618204297, 4.5834827750198786
88, 40.00802060552518, -75.25108408734376, 338.7212037129712, 4.052439982369962, 0.12020871395492248, 5.943578640803873
89, 40.00802188073391, -75.25110319491343, 338.6366412021228, 3.654955883246935, 0.12122397947804571, 5.360601962090629
90, 40.00802418514157, -75.25112588631008, 338.6405752083012, 4.361939342997973, 0.12243562929554817, 6.397511036413028
91, 40.00803103754883, -75.2511374207501, 338.6266634937153, 2.7816600828878726, 0.12320831265190521, 4.07976812156517
92, 40.00804208186023, -75.25114299725442, 338.55244013728964, 2.9460377227332284, 0.12402665646377481, 4.320855326671472
93, 40.0080478507637, -75.25115760765364, 338.4276032182732, 3.132337441519039, 0.12489675019752931, 4.594094914223746
94, 40.00805425423998, -75.25117401251076, 338.35379901678874, 3.5086589214731134, 0.12587137767571874, 5.146033084840104
95, 40.00805763160579, -75.25119402850056, 338.27836229265495, 3.9057220700522066, 0.12695630047295448, 5.728392369404693
96, 40.00805874093503, -75.25120481275815, 338.2569865875877, 2.0735089319266176, 0.1275322751762669, 3.0411464334896063
97, 40.0080656705867, -75.25122132772195, 338.254849017081, 3.588390328065004, 0.12852905026739514, 5.262972481157219
98, 40.00807043012973, -75.25124507846856, 338.2546352600302, 4.678303073478004, 0.12982857889892005, 6.861511174451567
99, 40.00807182328509, -75.251275144627, 338.2546138843251, 5.739911882521125, 0.13142299886628558, 8.418537427689994
100, 40.00806541535092, -75.25129486558504, 338.2546117467545, 4.086299004483432, 0.1325569468400277, 5.987245301358365
101, 40.00807297822288, -75.2513143785346, 338.2546115329976, 4.16735221261032, 0.1337145446768668, 6.112116578510423
102, 40.00807985640248, -75.25132958941562, 338.254611511622, 3.3660284559346594, 0.13464955258129224, 4.936841735366344
103, 40.00807862716741, -75.2513442950191, 338.25461150948416, 2.818952271983417, 0.1354325948790647, 4.134463332238585
104, 40.00808612333337, -75.2513680621591, 338.2546115092706, 4.8980348629807775, 0.13679316011878498, 7.183784465723107
105, 40.00809153500528, -75.25137632389153, 338.25461150924923, 2.071550238922005, 0.13736859074070723, 3.0382736837495115
106, 40.00809603563733, -75.25139304479053, 338.25461150924696, 3.377362254836259, 0.13830674692260533, 4.953464640422008
107, 40.00810222729922, -75.2514057035445, 338.25461150924696, 2.8621505994914576, 0.13910178875579668, 4.19782087925032
108, 40.00810437387771, -75.25141401176376, 338.25461150924696, 1.6708669055474632, 0.13956591845178323, 2.4506047948090752
109, 40.00811080590825, -75.2514344490238, 338.25461150924696, 4.2104829352562225, 0.1407354970449089, 6.17537497170351
110, 40.00811815112116, -75.25145044144239, 338.25461150924696, 3.5534294656738785, 0.14172256078537296, 5.2116965496502825
111, 40.00812364195932, -75.25146357821089, 338.25461150924696, 2.8518247156629903, 0.14251473431750084, 4.182676249635249
112, 40.00812767152424, -75.25147164483508, 338.25461150924696, 1.8352006617058938, 0.14302451227908708, 2.6916276371753765
113, 40.00813660381746, -75.25148268301375, 338.25461150924696, 3.0598869548427214, 0.14387448087765373, 4.48783420043191
114, 40.00814079551776, -75.25149079738193, 338.25461150924696, 1.8650788584600069, 0.14439255833833659, 2.735448992405522
115, 40.00814323438247, -75.2514999197019, 338.25461150924696, 1.8412076341745218, 0.1449040049033846, 2.7004378634535096
116, 40.00814752846666, -75.25151407872276, 338.25461150924696, 2.901955934147435, 0.1457101037739831, 4.256202036760216
117, 40.00815334145624, -75.25153572086946, 338.25461150924696, 4.370364798962766, 0.1469240939959161, 6.409868371806226
118, 40.00816549762951, -75.25155832645008, 338.25461150924696, 5.263376449370336, 0.14838614300962877, 7.719618792402805
119, 40.00817579728388, -75.25158291682366, 338.25461150924696, 5.340817189768752, 0.1498697033401238, 7.833198545013762
120, 40.00818441188468, -75.25160505804851, 338.25461150924696, 4.732381851891526, 0.15118425385453693, 6.94082671610126
121, 40.00819695336589, -75.25161670180994, 338.25461150924696, 3.8286832413464826, 0.1522477769771322, 5.6154020873030674
122, 40.00820964579594, -75.25163624159268, 338.25461150924696, 4.882199096062083, 0.15360394339270378, 7.160558674217876
123, 40.00822607024513, -75.25166556809623, 338.25461150924696, 6.923026705837512, 0.15552700636655234, 10.153772501920413
124, 40.00823789752095, -75.25169125289592, 338.25461150924696, 5.710912452376223, 0.1571133709366554, 8.376004930144177
125, 40.00825354471341, -75.25171935873475, 337.9932446642149, 6.621145452518665, 0.1589525780067978, 9.711013330351877
126, 40.00826925228101, -75.25174710282853, 337.6683450854858, 6.574425655385542, 0.16077880735551434, 9.64249096122336
127, 40.00828012387912, -75.25176830532155, 337.34094447700863, 4.862106070696276, 0.16212939237515556, 7.131088903705708
128, 40.00828558584917, -75.25180296437775, 337.0828369004139, 6.742987418044218, 0.16400244443572168, 9.889714879789192
129, 40.00829952601158, -75.25182861639907, 336.68858494722826, 5.99359830575653, 0.16566733285398585, 8.790610848434916
130, 40.00831902101316, -75.25186443898333, 336.37648398115766, 8.373956773500781, 0.16799343195773395, 12.281803267789977
131, 40.00833254786027, -75.25188584707617, 335.9644874872425, 5.288482872521547, 0.16946245497788248, 7.756441546384335
132, 40.00834121345793, -75.25191514793528, 335.6957126035368, 5.985340041068065, 0.17112504943373322, 8.778498726891845
133, 40.00835061323093, -75.25195479682397, 335.35738910305093, 7.909139039643284, 0.1733220325002988, 11.600070591466267
134, 40.00835758117072, -75.25199124065819, 334.79888567725754, 7.1578400238988324, 0.17531032139583122, 10.498165368411211
135, 40.00836561871859, -75.25202472778584, 334.0048238069378, 6.687285325256667, 0.17716790065284527, 9.808018477034192
136, 40.00837121260247, -75.25206222945198, 333.2692521229881, 7.2805751442308795, 0.179190282637352, 10.678176878195579
137, 40.0083867999552, -75.25210143423587, 332.46996379507783, 8.41739268339131, 0.18152844727162526, 12.345509268962694
138, 40.00838785777371, -75.25213561459222, 331.7070163987187, 6.518727764235907, 0.18333920498391754, 9.560800720903243
139, 40.00839640442369, -75.25218034674585, 330.98171998363716, 8.785362241009897, 0.18577958338419584, 12.885197953469465
140, 40.00840117001401, -75.25221183054232, 330.1286942455103, 6.11558471043816, 0.18747835691487155, 8.969524241967811
141, 40.00842232365935, -75.2523542896079, 326.96633812404383, 6.913108493050748, 0.19515958857381638, 40.55690315922875
142, 40.00843347248117, -75.2523638512556, 326.4057335866201, 3.318640549957646, 0.196081433171026, 4.867339473266788
143, 40.00845438769086, -75.25239797609893, 326.264901245457, 8.328442974566487, 0.1983948895528558, 12.2150496960614
144, 40.00846692905034, -75.25243205088039, 325.7476609277531, 7.204036967660664, 0.20039601093275972, 10.565920885892698
145, 40.00847491797542, -75.25246262495973, 325.1048315135669, 6.155884667015767, 0.2021059788958181, 9.028630844948248
146, 40.00848757160048, -75.25250140347853, 324.4754627299852, 8.032251233199528, 0.20433715979393466, 11.78063514205544
147, 40.00849443641477, -75.25253734143642, 323.7209692744176, 7.058083149742892, 0.20629773844663923, 10.351855286280161
148, 40.0085054326335, -75.25256935972308, 322.8926203143283, 6.686653894342893, 0.20815514230617724, 9.807092378360657
149, 40.00851812354087, -75.25260896923028, 322.133153469177, 8.181742535194, 0.2104278485659513, 11.999889051606953
150, 40.00852363068014, -75.2526484814183, 321.14349289472347, 7.6530765246723, 0.21255370315614336, 11.224512236214114
151, 40.00853342404154, -75.2526672328383, 320.06165278407076, 4.324889835428716, 0.21375506144376136, 6.343171758623015
152, 40.00853782192956, -75.25270384267404, 319.45979586815923, 7.0616396910166, 0.2157166280245975, 10.357071546814927
153, 40.00855040197792, -75.25273512810743, 318.4279436742488, 6.740082070871637, 0.2175870007992674, 9.87556825025709
154, 40.00856192780858, -75.25277103786208, 317.40989565015497, 7.419470223048749, 0.21964796475011242, 10.881889660461601
155, 40.0085672255214, -75.25280910062102, 316.2132201327493, 7.372003763038645, 0.22169574357317684, 10.812272185780179
156, 40.00857581193793, -75.25284283310998, 315.51471355328346, 6.773714658152858, 0.22357733097821758, 9.934781498615155
157, 40.00859045035673, -75.25287670112417, 314.99501770959165, 7.41051863909371, 0.22563580837797098, 10.86876067069796
158, 40.00860399053217, -75.25290510520361, 314.4274332011502, 6.375325384300213, 0.22740673209583054, 9.350477230298475
159, 40.0086150586232, -75.25292734858441, 313.9248057107553, 5.054592173340638, 0.22881078547731276, 7.413401854226194
160, 40.00862727885949, -75.2529533511914, 313.5624098535157, 5.813402379090359, 0.23042561947150306, 8.526323489324772
161, 40.00863646093291, -75.2529841823996, 313.2497661559906, 6.303665686944923, 0.23217663771788102, 9.245376340875678
162, 40.00864975482037, -75.25302191267502, 312.89076821775666, 7.914089035096697, 0.23437499578318366, 11.607330584797934
163, 40.00867300667486, -75.25303853921567, 312.453795796324, 6.595635909554213, 0.2362071168691693, 9.673599334004049
164, 40.00869922443545, -75.25306414538876, 312.23335716625655, 8.145858180326032, 0.23846985525259884, 11.94725866450806
165, 40.00871517518339, -75.25308289257585, 312.0304268110775, 5.339511276787948, 0.23995305282948304, 7.831283205948535
166, 40.00872651602456, -75.25310368014159, 312.01013377555967, 4.8633666282101045, 0.24130398800398462, 7.132937721368333
167, 40.0087465544075, -75.25313741378015, 312.0081044720079, 8.134862167156893, 0.24356367193930392, 11.931131178485925
168, 40.00876172144397, -75.25316373080229, 312.00790154165276, 6.276002584158165, 0.24530700599046332, 9.204803790121664
169, 40.00877345361519, -75.25319839998166, 312.0078812486172, 7.222589683133434, 0.247313280902443, 10.593131535252738
170, 40.00877845323912, -75.25322508112397, 312.0078792193136, 5.234272682912599, 0.24876724553658408, 7.67693326826483
171, 40.00878828832529, -75.25325092800153, 312.00787901638324, 5.499660600630715, 0.2502949290367579, 8.066168880917713
172, 40.00879608283638, -75.2532695613667, 312.00787899609026, 4.045778186565478, 0.2514187563108066, 5.933808006977542
173, 40.00878625286517, -75.25328321310874, 312.00787899406095, 3.570506625734231, 0.252410563706843, 5.23674305107211
174, 40.00878807027966, -75.25329251319972, 312.007878993858, 1.8289867409461331, 0.2529186155793276, 2.6825138867185556
175, 40.00879541384523, -75.25331692499259, 312.00787899383766, 4.997797354432423, 0.2543068926222242, 7.330102786494222
176, 40.00880728675452, -75.2533367463595, 312.0078789938357, 4.794999194270982, 0.2556388368428584, 7.032665484948364
177, 40.00881300014089, -75.25334967782511, 312.03350429862974, 2.8447799188327503, 0.25642905348697786, 4.172343880950906
178, 40.00881688657238, -75.25336935663286, 312.13672077356716, 3.8726211512967468, 0.2575047815845593, 5.679844355230063
179, 40.00881898052109, -75.25338455607931, 312.30443247991406, 2.942867151321683, 0.2583222446821507, 4.316205155282597
180, 40.00882079632438, -75.25340473026372, 312.44500484834845, 3.8708225632769064, 0.2593974731719489, 5.6772064261343
181, 40.008825144033, -75.25342212974526, 312.6244945473959, 3.487602630566055, 0.2603662516804386, 5.1151505248255615
182, 40.00882864194681, -75.25343990294702, 312.7968373866702, 3.4968586674299003, 0.26133760131027933, 5.12872604555919
183, 40.00883754712333, -75.25345774788084, 312.97390598929263, 4.058566653544507, 0.26246498093626675, 5.952564425213499
184, 40.00884800722606, -75.25346676284566, 313.18255797785076, 3.118235759608106, 0.2633311575361571, 4.573412447421063
185, 40.00885796603308, -75.253494097706, 313.3349513894904, 5.768131793047107, 0.26493341636755763, 8.45992662979473
186, 40.00886390884084, -75.25350145926414, 313.65926006614933, 2.038100926977711, 0.26549955551393983, 2.9892146928979244
187, 40.00887322098799, -75.25351475132527, 313.7994749081347, 3.4326463676300216, 0.2664530683938394, 5.034548005869957
188, 40.0088845000822, -75.25353430534098, 314.0067280862877, 4.664629930890765, 0.26774879893019676, 6.841457231966901
189, 40.00889109658102, -75.25355117209764, 314.31033424129174, 3.60885308155354, 0.2687512581195163, 5.292984519607045
190, 40.00890152845204, -75.25356709062405, 314.5772023402058, 3.992163579533585, 0.26986019244716347, 5.855173249977266
191, 40.00890672099008, -75.25358534238492, 314.8839990752071, 3.7101984869397535, 0.27089080313798264, 5.441624447525249
192, 40.00891789175803, -75.25359559655814, 315.16388061388056, 3.397346451579771, 0.27183451048564283, 4.982774795645799
193, 40.00892368173093, -75.25361422853682, 315.41962422398575, 3.831570187637878, 0.2728988355377635, 5.61963627519711
194, 40.00892350627414, -75.25363315412731, 315.7047970024004, 3.606698836083554, 0.273900696325567, 5.289824959602443
195, 40.0089310201522, -75.25365815933287, 315.93262846412557, 5.118531973185501, 0.2753225107625617, 7.507180227331907
196, 40.0089395321131, -75.2536800837869, 316.3010885240706, 4.683948728601166, 0.2766236076316164, 6.8697914686087955
197, 40.00894401700806, -75.25369251984687, 316.6614666749473, 2.6193390070443017, 0.2773512018002392, 3.8416972103281486
198, 40.00898744810875, -75.25378694941635, 318.3166006604972, 3.4982098485576683, 0.28318155154783664, 30.784246667314477
199, 40.00900044178922, -75.25379940796306, 318.5083314144384, 4.010800991823097, 0.28429566293445313, 5.882508121335193
200, 40.00901077570003, -75.25381114836773, 318.79806265297947, 3.408089021083508, 0.2852423543291977, 4.998530564251266
201, 40.00900304099742, -75.2538243660674, 319.0616847216578, 3.1697064701054942, 0.28612282834867364, 4.648902822833019
202, 40.00900456563655, -75.2538407305388, 319.1463261931436, 3.141372371470698, 0.2869954317851925, 4.6073461448195
203, 40.00901327790945, -75.25386347238948, 319.34495826154154, 4.85032921945882, 0.2883413981435899, 7.106702372338292
204, 40.00902315563851, -75.2538838437886, 319.6991781925634, 4.594412952969756, 0.2896176239638625, 6.738472331039162
205, 40.00903878514359, -75.2539058631491, 320.05613862551553, 5.720685220881176, 0.2912067031918836, 8.390338323951427
206, 40.00903472141421, -75.25391651032608, 320.4920399784115, 2.266850899892361, 0.29183638399740863, 3.324714653172439
207, 40.00903765192806, -75.25393263904779, 320.60561253949766, 3.158754028111481, 0.29271381567188626, 4.63283924124176
208, 40.00904423649449, -75.25394914610244, 320.8195730295998, 3.546564741535469, 0.2936989725445341, 5.201628287580625
209, 40.0090562366758, -75.25396396454983, 321.08643133886386, 4.109381987369122, 0.2948404675410245, 6.027093581469232
210, 40.00907104183547, -75.25397603618194, 321.3981944616757, 4.342668390652938, 0.29604676431620475, 6.36924697295185
211, 40.00907658581297, -75.25399528535179, 321.71506757870543, 3.9188369064783077, 0.2971353301235626, 5.747627462849227
212, 40.00908199021288, -75.25400700904243, 322.01030692626654, 2.607448882407777, 0.2978596214797863, 3.8242583608612613
213, 40.0090889356057, -75.25402133369407, 322.22190005957003, 3.2306224664905954, 0.2987570166093662, 4.738246284181898
214, 40.0091004975566, -75.25403660147428, 322.46915904021296, 4.091306783984997, 0.29989349071602767, 6.0005832831725385
215, 40.00910764520054, -75.25406410937613, 322.7790861327353, 5.53527163751113, 0.3014310661708957, 8.118398401703296
216, 40.00911545547982, -75.25407718829871, 323.1784524542922, 3.1602563445340577, 0.3023089151554877, 4.635042638645736
217, 40.00912530946093, -75.25408716101037, 323.4404450243446, 3.1018721951762744, 0.30317054632081364, 4.549412552921065
218, 40.00913068414158, -75.25411040404647, 323.6773912935264, 4.626592078221245, 0.304455710786985, 6.785668381384989
219, 40.00912803132128, -75.25412964870998, 324.00530052786644, 3.7261421318181838, 0.30549075026804823, 5.465008460013672
220, 40.00913883166653, -75.25415676110299, 324.2144611315067, 5.823450836905303, 0.30710837550052045, 8.541061227453344
221, 40.00917405919876, -75.25423621351064, 324.591912714927, 3.49880028644459, 0.3119678203428035, 25.657868767254488
222, 40.00917845271502, -75.25424360163969, 324.3380247705314, 1.7823766692122023, 0.3124629249731415, 2.614152448184435
223, 40.00918286367797, -75.25425198437597, 324.2341042727837, 1.938030576924943, 0.31300126680006457, 2.8424448461539984
224, 40.00919002626031, -75.25426640754978, 324.1346150094164, 3.2755766940867925, 0.31391114921508784, 4.804179151322927
225, 40.00922488622659, -75.25435478256962, 323.1794298761869, 3.7885161220944634, 0.3191729771624401, 27.782451562019745
226, 40.00922395854081, -75.25436374933659, 322.9363944623654, 1.7242042192174893, 0.3196519227788906, 2.5288328548586425
227, 40.00923938190768, -75.2543785021652, 322.8167760510186, 4.756791199633018, 0.3209732536676763, 6.976627092788749
228, 40.00924670327814, -75.25439116045322, 322.64799860841305, 3.022610545897626, 0.32181286770820267, 4.433162133979153
229, 40.00924857139858, -75.25440782498293, 322.4965626702743, 3.2093860082725016, 0.32270436382161394, 4.707099478811442
230, 40.00925267151622, -75.25442809918025, 322.30428345307786, 3.9958014244494513, 0.32381430866173777, 5.860508755853866
231, 40.00926293338564, -75.25444057370801, 322.0695439020705, 3.48836765107593, 0.3247832996759247, 5.116272554906711
232, 40.00926995637957, -75.25445202686915, 321.91346040264295, 2.795731890901591, 0.32555989186784107, 4.100406773318604
233, 40.00928232867737, -75.25448131359927, 321.7761121431543, 6.3733903354561425, 0.3273302780721389, 9.34763915869239
234, 40.00929687515695, -75.25451046796806, 321.4510552076626, 6.630365892749026, 0.3291720463756786, 9.724536642689728
235, 40.00929142166847, -75.25452204371047, 321.1086466522207, 2.589705889424888, 0.3298914091227404, 3.798235304486381
236, 40.00928538293067, -75.25453432362234, 320.9513592781829, 2.78080324360114, 0.33066385446818447, 4.078511423944629
237, 40.00930080091313, -75.25454748620805, 320.80509354857634, 4.583098079888038, 0.33193693726815654, 6.721877183852602
238, 40.009302302266, -75.25456076745185, 320.65054717950363, 2.5582566169795045, 0.3326475641062058, 3.752109704899861
239, 40.00931371625324, -75.2545831787721, 320.4939111930175, 5.128565319415156, 0.3340721655838198, 7.521895801802055
240, 40.00932036040835, -75.2545968852973, 320.24001673880855, 3.091005325342786, 0.33493077817419203, 4.533474477165297
241, 40.00933180533982, -75.25461630009778, 320.0689291318429, 4.668495438572059, 0.3362275824626875, 6.847126643256145
242, 40.0093344646204, -75.25463644621188, 319.84544374062267, 3.8955848839060168, 0.33730968937488265, 5.713524496390296
243, 40.00934236915433, -75.25465423763086, 319.6089465005119, 3.9193646245014, 0.3383984017705765, 5.7484014492634925
244, 40.009348056344, -75.25467986416572, 319.3961763951836, 5.084177310546539, 0.33981067324573183, 7.456793388820241
245, 40.00935527925324, -75.25471219064652, 319.10248268291434, 6.416804133356324, 0.3415931188383292, 9.41131272891405
246, 40.00936243914463, -75.25474409458913, 318.7294864222984, 6.335121326193823, 0.34335287476227033, 9.291511278409157
247, 40.00937027131278, -75.25477668124559, 318.42169621631126, 6.508176819485452, 0.3451607016565702, 9.545326001903316
248, 40.00937935657271, -75.25481000798246, 318.13046272417023, 6.7409082844589445, 0.3470331761800357, 9.886665483897847
249, 40.00945961360655, -75.25498766946681, 315.86049673620755, 6.551799847993522, 0.3579510226489507, 57.6462293558711
250, 40.00948563375937, -75.25502525857061, 315.4769744260469, 9.654704932776088, 0.3606328851302841, 14.160233901440344
251, 40.00949970030739, -75.25506561799257, 315.2279202383353, 8.449568531120352, 0.36297998750003757, 12.39270051229858
252, 40.00951801331105, -75.25510412425953, 315.00514241107106, 8.637058255746451, 0.36537917034885387, 12.667685441749942
253, 40.0095274630719, -75.25514545572581, 314.67407688960566, 8.21940055432789, 0.3676623371694984, 12.055120813003276
254, 40.00953601520146, -75.25518490084534, 314.30305423028136, 7.811875566974522, 0.36983230260477457, 11.457417498257955
255, 40.00954401043195, -75.25523123449925, 313.89430056580466, 9.050489644872505, 0.37234632750612573, 13.27405147913427
256, 40.00955987066954, -75.2552757824261, 313.3872023462838, 9.361166125520931, 0.37494665142987915, 13.729710317418213
257, 40.00956963144259, -75.25531169436361, 312.66225977955025, 7.2613555554851965, 0.3769636946397412, 10.649988148071593
258, 40.00958243783134, -75.25535124030712, 312.0040893259165, 8.18160649759232, 0.37923636311129255, 11.999689529791155
259, 40.00959570942027, -75.25539580692855, 311.2456456356709, 9.111758275853019, 0.38176740707680495, 13.363912137905608
260, 40.00961630353009, -75.25542619472134, 310.41390546263017, 7.731895911520947, 0.38391515594111436, 11.340114003553744
261, 40.00962859499161, -75.25546376081404, 309.56987953840473, 7.7842756978380985, 0.3860774547460748, 11.4169376901911
262, 40.00964759255086, -75.25549755909434, 308.8248396925795, 7.9886543754727555, 0.38829652540592635, 11.716693084016052
263, 40.00966407965252, -75.25553386701822, 307.98718597154675, 8.043224894612324, 0.39053075454331665, 11.79672984542068
264, 40.00967877284231, -75.25556084307834, 307.1669549715901, 6.307701956503124, 0.39228289397567706, 9.251296202862834
265, 40.0096921258462, -75.25561175089867, 306.54200206219195, 10.253880771485955, 0.3951311941899858, 15.039025131550348
266, 40.0097072727655, -75.25565170857418, 306.1956234496122, 8.495687078812706, 0.39749110726743164, 12.46034104891397
267, 40.00971760234631, -75.255687792649, 305.8389740659543, 7.340600840398626, 0.3995301630564294, 10.766214565908193
268, 40.00971918323858, -75.25572577786363, 305.58369744953364, 7.249004056112937, 0.40154377529423674, 10.631872615622639
269, 40.00972540711781, -75.25576135581446, 305.5245583990976, 6.954186452075412, 0.4034754937531514, 10.199473463069447
270, 40.00973908793643, -75.25580146190889, 305.4289615592091, 8.366130425196763, 0.4057994188712595, 12.27032462361076
271, 40.00975257123549, -75.2558402540638, 305.28576731870163, 8.117614750273516, 0.4080543118574445, 11.905834967056995
272, 40.00976504496723, -75.25587628971171, 305.1075473187995, 7.5355069928702205, 0.41014750824435814, 11.052076922903966
273, 40.00978408568255, -75.25590495637353, 304.957138302223, 7.230523146264378, 0.4121559868960964, 10.60476728117811
274, 40.00979759812958, -75.25594074516437, 304.7396969162361, 7.603335770662683, 0.41426802461016743, 11.151559130295128
275, 40.00981017066309, -75.25597831132183, 304.5743159043464, 7.812004694803284, 0.4164380259142775, 11.457606885701065
276, 40.0098191370026, -75.25602130758294, 304.42413198276864, 8.491448833172253, 0.41879676170127567, 12.454124955350455
277, 40.00983240351869, -75.25605238723165, 304.3137987206462, 6.780026198499462, 0.42068010231196823, 9.944038424456833
278, 40.00984909421044, -75.25608858743286, 304.16174173903846, 8.051563389353229, 0.42291664769789766, 11.80895963770733
279, 40.0098628063129, -75.25612230911209, 303.9691188207392, 7.2752731073685055, 0.42493755689438706, 10.670400557464104
280, 40.00987647595283, -75.25615740872027, 303.8628881867919, 7.503404174047216, 0.4270218358316276, 11.004992788630108
281, 40.00988620573617, -75.25619679934023, 303.86702079341063, 7.886787374114437, 0.42921261010221295, 11.567288148690656
282, 40.00990189131925, -75.25623977455955, 303.91829042820274, 9.071464064276391, 0.4317324612311763, 13.304813960926607
283, 40.0099172981683, -75.25627977243481, 303.86660243019514, 8.531390432652405, 0.4341022919069109, 12.512705967878814
284, 40.00992605411435, -75.25632076964519, 303.74837816480294, 8.11028581684945, 0.4363551490782636, 11.895085864742276
285, 40.00993871735434, -75.2563587530999, 303.7029781410805, 7.89390194107239, 0.4385478996174484, 11.577722846895643
286, 40.00995017036662, -75.25639907184969, 303.5513094656431, 8.194329666244103, 0.4408241023025141, 12.018350177147088
287, 40.00996741119116, -75.25644472877477, 303.45215918159545, 9.700084855672666, 0.44351857031798547, 14.226791121688827
288, 40.00998202802847, -75.2564802647228, 303.51080733133705, 7.686251967873504, 0.4456536403090595, 11.273169552870888
289, 40.01000413482947, -75.25651984894839, 303.59046176024856, 9.335205880772875, 0.4482467530537163, 13.691635291787765
290, 40.01002550119549, -75.25655893511781, 303.6352938504328, 9.150458630677615, 0.4507885471177911, 13.420672658314963
291, 40.0100393485787, -75.25659357266211, 303.68291768246763, 7.4453696271119725, 0.45285670534754957, 10.91987545312487
292, 40.01004845438657, -75.25663266866272, 303.7664145186435, 7.7867857763212855, 0.45501970139652576, 11.420619138594166
293, 40.01005907332087, -75.25667556429433, 303.94973716255777, 8.590328498360785, 0.4574059037571794, 12.599148464251027
294, 40.01006609313863, -75.25671327673183, 304.0406650706412, 7.39548267751284, 0.45946020450093106, 10.846707927008968
295, 40.0100773918663, -75.25675267463116, 303.9005228446496, 8.016485227383448, 0.46168700595298756, 11.757511666858464
296, 40.01008860085278, -75.25678249180467, 303.646295325328, 6.329282749957277, 0.4634451400501963, 9.28294803326223
297, 40.01010460620885, -75.2568120370958, 303.3825741346141, 6.89587189148496, 0.4653606600200515, 10.11394544083541
298, 40.0101182178214, -75.25685054725386, 303.015931759485, 8.081999960279463, 0.467605660009016, 11.853599941732432
299, 40.01012863241859, -75.2568855636104, 302.6898874316553, 7.157962624588032, 0.4695939829602954, 10.498345182755372
300, 40.01013924161069, -75.25691241849785, 302.4358691015792, 5.7637037798079795, 0.47119341075918925, 8.444978778159475
301, 40.01015190874703, -75.25693912396169, 302.18491953090074, 5.985663306016143, 0.4728560950108589, 8.778972848815693
302, 40.01015988557574, -75.25697550993597, 301.8905167002825, 7.211959444657575, 0.47485941707882434, 10.577540518857566
303, 40.01017163862542, -75.25700384650031, 301.88156539718585, 6.140560947339443, 0.47656512845308374, 9.00615605608966
304, 40.01018416333959, -75.25702559249439, 301.8308952242889, 5.184660489369016, 0.47800531192235163, 7.604168717734307
305, 40.01020073240295, -75.25706104760074, 301.7412815969833, 7.914425781806463, 0.4802037635284145, 11.607824480011844
306, 40.01021406375304, -75.25707378444599, 301.7038676980284, 4.109882814025401, 0.4813453976434205, 6.027828127231772
307, 40.0102296056483, -75.25709140489855, 301.58052653393247, 5.121028936338736, 0.4827679056812911, 7.510842439956648
308, 40.0102433348344, -75.25709918033381, 301.469520914227, 3.7231839577464902, 0.4838021234473308, 5.4606698046898865
309, 40.01025543098142, -75.2571089967305, 301.31615767113465, 3.5433647747495645, 0.48478639144031926, 5.196935002979026
310, 40.01026677238964, -75.25712692726772, 301.21123978681254, 4.431221912786865, 0.48601728641609226, 6.499125472081491
311, 40.01027647810501, -75.25714429859646, 301.2140956846139, 4.097319820300876, 0.48715543081061924, 6.009402403102486
312, 40.01026339973733, -75.2571650073041, 301.25960571340465, 5.114585962644505, 0.4885761491335748, 7.501392745205119
313, 40.01026317071315, -75.25718464138929, 301.6509129648188, 3.741804869148395, 0.4896155393750075, 5.487980474764705
314, 40.01025854078681, -75.25720959581164, 301.8907208021429, 4.892711404014778, 0.4909746258761215, 7.1759767258818155
315, 40.01026135799074, -75.25723202730563, 302.2174631540363, 4.331513388697013, 0.4921778240396474, 6.352886303416509
316, 40.01026467422026, -75.25725180890268, 302.3451143430831, 3.858714122320529, 0.4932496890736243, 5.659447379398295
317, 40.01026621013069, -75.25727134568079, 302.3226235481389, 3.7423878130062502, 0.49428924124390644, 5.488835459089562
318, 40.01026657041793, -75.25728870532622, 302.3040531206678, 3.3091794400479952, 0.49520845775503003, 4.853463178732646
319, 40.01027203010194, -75.2573090098919, 302.2983663620393, 4.1006346365608115, 0.4963475229318514, 6.014264133617054
320, 40.01026736715301, -75.25732185482403, 302.2397662267038, 2.708666196983367, 0.4970999302087931, 3.9727104222522076
321, 40.01027668408456, -75.25734367355764, 302.28346724222297, 4.7601559763575105, 0.49842219575778013, 6.981562098651334
322, 40.01028576724433, -75.2573637252167, 302.1888053966313, 4.439171791818442, 0.49965529903328415, 6.510785294661127
323, 40.01029322842987, -75.2573740310097, 302.08278531638126, 2.702275296186947, 0.5004059310600021, 3.963337101070585
324, 40.01030451318223, -75.25737772869877, 301.9928631341314, 2.894593074007616, 0.5012099846916729, 4.245403175221789
325, 40.01031840548379, -75.25739453203202, 301.8639219617286, 4.711497344376384, 0.5025187339539985, 6.910196105079079
326, 40.01032786663406, -75.25740866635115, 301.7033472417814, 3.5769704939238594, 0.5035123368689765, 5.246223391083555
327, 40.01033316470162, -75.25741359965049, 301.5867259362906, 1.6189846531650378, 0.5039620548281886, 2.3745108246398963
328, 40.01033897827485, -75.25742351985072, 301.5187444545452, 2.380194859765874, 0.5046232200670141, 3.4909524609986797
329, 40.01034720026527, -75.25743726012509, 301.4501414503678, 3.3225890341448046, 0.5055461614653868, 4.873130583407948
330, 40.01035203027723, -75.25745835136007, 301.3558847807637, 4.194830103098797, 0.5067113920495798, 6.152417484539306
331, 40.01036122873398, -75.2574759468073, 301.2951183932527, 4.059436099231506, 0.5078390131882542, 5.953839612200795
332, 40.01038889351321, -75.25755449664909, 301.0157269800261, 3.294926431596348, 0.5124152998988067, 24.162793831717536
333, 40.01039429400362, -75.25757210591252, 301.10097543385774, 3.614521332404121, 0.5134193336022514, 5.3012979541878895
334, 40.0103960531933, -75.25759005279593, 301.1418726423085, 3.4477520360493106, 0.5143770425011531, 5.056702986201056
335, 40.01040144992064, -75.25760477033758, 301.21334283492484, 3.1093227839561806, 0.5152407432744764, 4.560340083147137
336, 40.01040350799343, -75.25761665727491, 301.25137538638245, 2.322260035809508, 0.5158858155066451, 3.4059813858508474
337, 40.0104024972461, -75.25763411081854, 301.2987472916137, 3.3353441804799515, 0.516812300001222, 4.891838131366146
338, 40.01040791234843, -75.25764514116591, 301.3930209866687, 2.4965791374248, 0.5175057942060616, 3.6616494015530434
339, 40.01041637324029, -75.25765753416333, 301.42760057841843, 3.1635121741142402, 0.5183845475877622, 4.639817855379157
340, 40.0104638575199, -75.25775070232301, 301.8388105221733, 4.264977972505798, 0.5243081281051301, 31.27650513170207
341, 40.01046598979071, -75.25776509432579, 301.9399117436541, 2.7932944039959486, 0.5250840432173505, 4.096831792523666
342, 40.01047566607748, -75.25778309542562, 302.05146428117695, 4.1906494926344235, 0.5262481125208629, 6.146285922545861
343, 40.01048783454737, -75.25780016823313, 302.1702345511951, 4.443983355275997, 0.5274825523417718, 6.517842254398868
344, 40.01049996276015, -75.25781087194953, 302.22387800904403, 3.642064478284315, 0.528494236919072, 5.34169456814547
345, 40.01051573529956, -75.25783098297384, 302.24162134822194, 5.484900144169325, 0.530017820292451, 8.044520211441027
346, 40.01052704904063, -75.25784913891967, 302.25406256725626, 4.4600675053441945, 0.5312567279328275, 6.541432341187846
347, 40.010529630277, -75.25786370128144, 302.25208522227126, 2.8511089254109154, 0.5320479106596276, 4.177444797504566
348, 40.01052544940887, -75.25788258144476, 302.2592765866497, 3.7450394901499338, 0.5330881994068906, 5.492724585548241
349, 40.01053244917931, -75.25790222142781, 302.29549944208173, 4.127816122314876, 0.5342348149964253, 6.054130312743626
350, 40.01053664102675, -75.2579165495282, 302.2884097870274, 2.922675799087014, 0.5350466693850598, 4.286591171990389
351, 40.01054295580447, -75.25793428645399, 302.2781152679483, 3.7271356189108147, 0.5360819848347563, 5.466465574397557
352, 40.01057884879953, -75.25800376408783, 302.11968484942867, 2.6615509553170806, 0.5405179030936191, 23.421648406795633
353, 40.01058071858637, -75.25801341693558, 302.1146322391543, 1.8972997273720436, 0.5410449307956664, 2.7827062668097997
354, 40.01058262305806, -75.25802998859429, 302.11971385776553, 3.1931446687142513, 0.541931915425864, 4.68327884744331
355, 40.01058334601021, -75.25804417986588, 302.134313121296, 2.710178518431774, 0.542684742792097, 3.9749284937098768
356, 40.0105846133738, -75.25806007059872, 302.1501570099445, 3.044414648764933, 0.5435304135278642, 4.465141484851174
357, 40.01059236531019, -75.25808030300541, 302.20682172427934, 4.310839109969671, 0.5447278688361881, 6.322564027949768
358, 40.01060339863808, -75.25810484198486, 302.3977112779272, 5.422162457626408, 0.5462340250744162, 7.952504937844833
359, 40.01060852319416, -75.25811792244203, 302.6222757541965, 2.799674150985321, 0.5470117123385807, 4.106188754788741
360, 40.01061708273181, -75.25813959799018, 302.74759386484834, 4.647013515690994, 0.5483025494262714, 6.8156198230072595
361, 40.01062317831826, -75.25817681163952, 302.9190701488597, 7.251553039917694, 0.5503168697151356, 10.635611125202946
362, 40.01063190884705, -75.25819135070911, 303.2158996753016, 3.5204240983119437, 0.5512947652979991, 5.163288677519488
363, 40.01062737530663, -75.25821109848438, 303.3171307317056, 3.928413249408788, 0.5523859912006154, 5.761672765813967
364, 40.01062936214976, -75.25823419832595, 303.5064620128526, 4.429431850455581, 0.5536163889368519, 6.496500047328943
365, 40.01063879867109, -75.25825078866062, 303.6938688481359, 3.9377484355028742, 0.5547102079467129, 5.7753643720656305
366, 40.01064098239841, -75.25827678511078, 303.77160968397743, 4.983426299291067, 0.556094493029848, 7.309025238953584
367, 40.0106440970879, -75.25829956489987, 303.9544243110796, 4.409400101040201, 0.5573193263912511, 6.46712014820847
368, 40.01065026861483, -75.2583126077766, 304.1112964332137, 2.9213942968259685, 0.5581308248070354, 4.284711635340857
369, 40.01065455382097, -75.25833410768003, 304.1607302006639, 4.233331016180294, 0.5593067500893066, 6.2088854903921185
370, 40.0106623059232, -75.2583552101141, 304.26531377354536, 4.4597405422149246, 0.5605455669065916, 6.540952795264916
371, 40.01066445623002, -75.25837651259964, 304.1933656561631, 4.094369491808953, 0.5616828917654264, 6.00507525464767
372, 40.01067247034603, -75.25839503164154, 304.1633164517095, 4.053181949235575, 0.562808775640213, 5.944666858873437
373, 40.01067885859753, -75.25841372727551, 304.0751228806446, 3.9009656014082235, 0.5638923771961588, 5.721416215393524
374, 40.01067996252979, -75.25843110996512, 303.9983936498656, 3.323703192568196, 0.5648156280829856, 4.874764682445547
375, 40.01068551730468, -75.2584398649105, 303.9789837739984, 2.1663373914066626, 0.5654173884694869, 3.1772948407268826
376, 40.01068845183626, -75.25845330210139, 303.91799757861753, 2.662557083448, 0.5661569876593329, 3.905083722386849
377, 40.01068773443308, -75.258468020951, 303.8807093023869, 2.8104045838572236, 0.5669376555992925, 4.121926722986847
378, 40.01068864754889, -75.25848824123295, 303.8846061149158, 3.8597408804688382, 0.56800980584387, 5.660953291368455
379, 40.01069343507977, -75.25850589205398, 303.8752863400225, 3.5681005445337717, 0.5690009448840173, 5.233214131978106
380, 40.01070095972497, -75.25852530281509, 303.8234641967922, 4.145555902168867, 0.5701524881901743, 6.080148656508808
381, 40.01070640016645, -75.25854963261904, 303.7382972399002, 4.829674510668477, 0.5714940644431366, 7.083522615640659
382, 40.0107156085254, -75.25856671679213, 303.67195183440265, 3.9807498082804402, 0.5725998282787728, 5.838433052159249
383, 40.0107191602626, -75.25857705081086, 303.56742299760344, 2.158355159743993, 0.5731993713787011, 3.165587567621644
384, 40.01077165801586, -75.25869660912758, 303.9928474304818, 3.2817514206905676, 0.580493975508804, 38.51550980694302
385, 40.01077932117299, -75.25871042969305, 304.1143390103669, 3.251215477506301, 0.5813970909192215, 4.768449367004905
386, 40.01078712925957, -75.25871937115214, 304.1954343180899, 2.5813284373287932, 0.5821148436319343, 3.789734323123556
387, 40.01079182306665, -75.25872246797297, 304.2017303657537, 1.3084006617586759, 0.5824782882602003, 1.9189876372443126
388, 40.01080170333841, -75.25873629196796, 304.17085492546084, 3.602962086592646, 0.5834791110620341, 5.2843443936824315
389, 40.01080825208201, -75.25875227715518, 304.18432527068325, 3.454386190642098, 0.584438662781656, 5.066433079603803
390, 40.0108200376062, -75.25876603267237, 304.26994858233564, 3.9289772684703417, 0.5855311367388056, 5.768262493750121
391, 40.01082485072256, -75.25878512587059, 304.242781917102, 3.8302632201937565, 0.5865950987444141, 5.617719389612401
392, 40.01082185204869, -75.25879969780456, 304.3695209112384, 2.875205122770527, 0.5873937668340719, 4.216967513392937
393, 40.01082320679026, -75.25882116553858, 304.59534102718953, 4.104609683592837, 0.5885339361906282, 6.020094202617885
394, 40.01082743024858, -75.25883972671349, 304.8302695205351, 3.6896738442723267, 0.589558845591814, 5.411521638261157
395, 40.0108339373919, -75.25885270435312, 304.97641465290496, 2.955715186210897, 0.5903798775879829, 4.33504893977204
396, 40.0108435178204, -75.25887381701695, 305.0090063030438, 4.671474037410784, 0.5916788068967185, 6.858346750123856
397, 40.01084999560585, -75.25889044450504, 305.13988511786846, 3.5547379899016858, 0.5926662341161381, 5.213615718535512
398, 40.01084932962733, -75.25890250392128, 305.2384545105967, 2.303926545294204, 0.5933062137120525, 3.3790922664284264
399, 40.01085202961805, -75.25891589279149, 305.2553851603797, 2.6382406844968576, 0.5940390583466343, 3.8694196705918724
400, 40.01085871435017, -75.25892766566264, 305.22837788398846, 2.792583540225349, 0.5948147759966962, 4.095789192326787
401, 40.01086680750721, -75.25894252988009, 305.15462466288005, 3.4751646062923336, 0.5957800994984465, 5.096908089241504
402, 40.01087555173107, -75.25896081838576, 305.06121589988174, 4.108213784725375, 0.5969212699942025, 6.025380217591736
403, 40.01087868278494, -75.25898170040107, 304.9589255663676, 4.054665028626396, 0.5980475658354866, 5.9468420419799735
404, 40.01088697021039, -75.25899549017397, 304.9154117964592, 3.3400352746874704, 0.5989753534117878, 4.898718402870502
405, 40.01090066723296, -75.25900403049194, 304.82296569032707, 3.7763207448727747, 0.6000243313964773, 5.538603759160589
406, 40.01090552581907, -75.25901009528863, 304.66812429300126, 1.670654895109799, 0.6004888662714786, 2.4527441400071415
407, 40.01091541792471, -75.25902776145243, 304.6009953082216, 4.170014218625285, 0.601647203554429, 6.116020853978189
408, 40.0109255531049, -75.25904723121351, 304.4891341810602, 4.485793637190922, 0.6028932573425365, 6.57916400120737
409, 40.01092968329682, -75.25906643027652, 304.37020914950557, 3.800004537548527, 0.6039488141585249, 5.573339988418446
410, 40.01093983908656, -75.25907506632113, 304.3144100801575, 3.0153011628333304, 0.6047863978148666, 4.422441705484863
411, 40.01094751442222, -75.25909606106188, 304.2008772408496, 4.432970774855045, 0.6060177785856586, 6.501690469781487
412, 40.0109456740409, -75.2591077916148, 304.1079397447759, 2.281703731503474, 0.6066515851777423, 3.346498806202052
413, 40.01094490355822, -75.25911626017594, 304.1182000739039, 1.6250547710361645, 0.6071029892808091, 2.383413664192336
414, 40.01094650775435, -75.2591235941504, 304.12742620435085, 1.453383075749218, 0.6075067068018501, 2.1316285110969146
415, 40.01094919473108, -75.25914091177444, 304.11129531785326, 3.36695473517029, 0.6084419720060633, 4.938200278245268
416, 40.01096031837916, -75.25916634688612, 304.0811170542768, 5.581181701643475, 0.6099923002565184, 8.185733162402984
417, 40.01097334241568, -75.25918492662089, 303.9598511181474, 4.7993481382150085, 0.611325452517137, 7.039043936066285
418, 40.01097889982486, -75.259196717209, 304.00339057125683, 2.6380761707666793, 0.6120582514534604, 3.869178383787611
419, 40.01098555391179, -75.25920948042305, 304.07399860131517, 2.9420255470568506, 0.6128754807720865, 4.3149708023461235
420, 40.01098973365654, -75.25922298602812, 304.14599561625033, 2.775681241916692, 0.6136465033392875, 4.0709991548213305
421, 40.01099955973285, -75.25924434134865, 304.2523286397195, 4.747158648596886, 0.6149651585194521, 6.9624993512691
422, 40.0109976917326, -75.25925681486098, 304.3855241141398, 2.4218712409500975, 0.6156379005308266, 3.5520778200569123
423, 40.01100055625803, -75.25927517341877, 304.55128888139996, 3.570128642391591, 0.6166296029314899, 5.2361886755029055
424, 40.01100278192713, -75.25929383881711, 304.7325656687644, 3.5995888662693125, 0.6176294887276783, 5.2793970038748625
425, 40.01100804036611, -75.25931110035785, 304.9254410303927, 3.539854150343189, 0.6186127815472172, 5.191786087165289
426, 40.01100874455513, -75.25932364000374, 305.0723256886258, 2.39587879714584, 0.6192783034353126, 3.513955569144037
427, 40.01102046005673, -75.25933972652862, 305.2128203211514, 4.229855528770351, 0.6204532633044144, 6.203788108857539
428, 40.01102906670417, -75.25936261220633, 305.2733332491409, 4.858252209210952, 0.6218027778069763, 7.125436573527217
429, 40.01102572240025, -75.25936555146761, 305.4311764572841, 1.0029768704818764, 0.6220813824932211, 1.4710327433720811
430, 40.01103337250268, -75.25939098097645, 305.5137555286172, 5.206040478522762, 0.6235275048483649, 7.635526035159773
431, 40.01104276556316, -75.25940800236994, 305.7109986506248, 3.997646688359624, 0.6246379622617971, 5.863215142922116
432, 40.01105022467461, -75.25942551701414, 305.81181156467795, 3.8186976187139132, 0.6256987116003314, 5.600756507461081
433, 40.01105835296533, -75.25944372554376, 305.92878698465387, 4.015983665765735, 0.6268142626185986, 5.890109376451055
434, 40.01107052971308, -75.25946674137894, 306.04763772423746, 5.330303729784859, 0.6282949025435375, 7.81777880367735
435, 40.01107965944105, -75.25948657083782, 306.1747409268732, 4.40870004622524, 0.6295195414452698, 6.466093401146525
436, 40.01108606305782, -75.25950460588275, 306.30118254494255, 3.7879437815011108, 0.6305717480512414, 5.55565087952991
437, 40.01109571621615, -75.25951908282741, 306.4374702103658, 3.6575493652539413, 0.6315877339860332, 5.3644057357009025
438, 40.01109716800769, -75.2595368458608, 306.50237211423723, 3.4040083052452816, 0.6325332918486004, 4.992545514355206
439, 40.01110170953482, -75.25955472612983, 306.6822583230875, 3.589592829214092, 0.6335304009678291, 5.264736149527169
